source_mat_id_orig,samp_description,tax_id,scientific_name,investigation_type,env_material,samp_collect_device,deployment_date,collection_date,arms_unit_id,sampling_event,crate_cover,preservative,sampl_person,sampl_person_orcid,depth,replicate,rep_check,samp_fraction,size_filter,noteworthy_env_cond,samp_mat_process,samp_mat_process_dev,samp_store_date,samp_store_loc,samp_store_temp,store_person,store_person_orcid,other_person,other_person_orcid,images_in_PlutoF,long_store,ship_date,arr_date_hq,store_temp_hq,ship_date_seq,arr_date_seq,seq_batch,failure,failure_comment,ENA_accession_number_sample,source_mat_id
EMO BON CPOWERA HA 20210623 20220622 SF40 (1),EMOBON metagenome  sample from station BPNS. ARMS deployed on 2021-06-23 collected on 2022-06-22. Size fraction SF40um,256318,metagenome,metagenome,blended biomass derived from sessile communities colonising an autonomous reef monitoring structure [ENVO:01001863],autonomous reef monitoring structure [ENVO:01001855],2021-06-23 00:00:00,2022-06-22 00:00:00,CPOWERA,BPNS_CPOWERA_HA_210623_220622,Yes,DESS,Rune Lagaisse,0000-0001-9191-9140,26,1,,SF,40,,,,2022-06-22 00:00:00,shipped to HQ,4,Rune Lagaisse,0000-0001-9191-9140,NA,NA,Y,N,2022-09-26 00:00:00,2022-09-30 00:00:00,-20,2023-07-18 00:00:00,2023-07-18 00:00:00,batch_3.1,,,,EMOBON_BPNS_Ha_1
EMO BON CPOWERA HA 20210623 20220622 SF40 (2),EMOBON metagenome  sample from station BPNS. ARMS deployed on 2021-06-23 collected on 2022-06-22. Size fraction SF40um,256318,metagenome,metagenome,blended biomass derived from sessile communities colonising an autonomous reef monitoring structure [ENVO:01001863],autonomous reef monitoring structure [ENVO:01001855],2021-06-23 00:00:00,2022-06-22 00:00:00,CPOWERA,BPNS_CPOWERA_HA_210623_220622,Yes,DESS,Rune Lagaisse,0000-0001-9191-9140,26,2,,SF,40,,,,2022-06-22 00:00:00,shipped to HQ,4,Rune Lagaisse,0000-0001-9191-9140,NA,NA,Y,N,2022-09-26 00:00:00,2022-09-30 00:00:00,-20,2023-07-18 00:00:00,2023-07-18 00:00:00,batch_3.1,,,,EMOBON_BPNS_Ha_2
EMO BON CPOWERA HA 20210623 20220622 SF40 (3),EMOBON metagenome  sample from station BPNS. ARMS deployed on 2021-06-23 collected on 2022-06-22. Size fraction SF40um,256318,metagenome,metagenome,blended biomass derived from sessile communities colonising an autonomous reef monitoring structure [ENVO:01001863],autonomous reef monitoring structure [ENVO:01001855],2021-06-23 00:00:00,2022-06-22 00:00:00,CPOWERA,BPNS_CPOWERA_HA_210623_220622,Yes,DESS,Rune Lagaisse,0000-0001-9191-9140,26,3,,SF,40,,,,2022-06-22 00:00:00,shipped to HQ,4,Rune Lagaisse,0000-0001-9191-9140,NA,NA,Y,N,2022-09-26 00:00:00,2022-09-30 00:00:00,-20,2023-07-18 00:00:00,2023-07-18 00:00:00,batch_3.1,,,,EMOBON_BPNS_Ha_3
EMO BON CPOWERA HA 20210623 20220622 MF500 (1),EMOBON metagenome  sample from station BPNS. ARMS deployed on 2021-06-23 collected on 2022-06-22. Size fraction MF500um,256318,metagenome,metagenome,biomass derived from sieving motile communities present in the retrieval tub of an autonomous reef monitoring structure through a 500 micrometre mesh [ENVO:01001901],autonomous reef monitoring structure [ENVO:01001855],2021-06-23 00:00:00,2022-06-22 00:00:00,CPOWERA,BPNS_CPOWERA_HA_210623_220622,Yes,DESS,Rune Lagaisse,0000-0001-9191-9140,26,1,,MF,500,,,,2022-06-22 00:00:00,shipped to HQ,4,Rune Lagaisse,0000-0001-9191-9140,NA,NA,NA,N,2022-09-26 00:00:00,2022-09-30 00:00:00,-20,2023-07-18 00:00:00,2023-07-18 00:00:00,batch_3.1,,,,EMOBON_BPNS_Ha_4
EMO BON CPOWERA HA 20210623 20220622 MF500 (2),EMOBON metagenome  sample from station BPNS. ARMS deployed on 2021-06-23 collected on 2022-06-22. Size fraction MF500um,256318,metagenome,metagenome,biomass derived from sieving motile communities present in the retrieval tub of an autonomous reef monitoring structure through a 500 micrometre mesh [ENVO:01001901],autonomous reef monitoring structure [ENVO:01001855],2021-06-23 00:00:00,2022-06-22 00:00:00,CPOWERA,BPNS_CPOWERA_HA_210623_220622,Yes,DESS,Rune Lagaisse,0000-0001-9191-9140,26,2,,MF,500,,,,2022-06-22 00:00:00,shipped to HQ,4,Rune Lagaisse,0000-0001-9191-9140,NA,NA,NA,N,2022-09-26 00:00:00,2022-09-30 00:00:00,-20,2023-07-18 00:00:00,2023-07-18 00:00:00,batch_3.1,,,,EMOBON_BPNS_Ha_5
EMO BON CPOWERA HA 20210623 20220622 MF100 (1),EMOBON metagenome  sample from station BPNS. ARMS deployed on 2021-06-23 collected on 2022-06-22. Size fraction MF100um,256318,metagenome,metagenome,biomass derived from sieving motile communities present in the retrieval tub of an autonomous reef monitoring structure through a 100 micrometre mesh [ENVO:01001900],autonomous reef monitoring structure [ENVO:01001855],2021-06-23 00:00:00,2022-06-22 00:00:00,CPOWERA,BPNS_CPOWERA_HA_210623_220622,Yes,DESS,Rune Lagaisse,0000-0001-9191-9140,26,1,,MF,100,,,,2022-06-22 00:00:00,shipped to HQ,4,Rune Lagaisse,0000-0001-9191-9140,NA,NA,NA,N,2022-09-26 00:00:00,2022-09-30 00:00:00,-20,2023-07-18 00:00:00,2023-07-18 00:00:00,batch_3.1,,,,EMOBON_BPNS_Ha_6
EMO BON CPOWERA HA 20210623 20220622 MF100 (2),EMOBON metagenome  sample from station BPNS. ARMS deployed on 2021-06-23 collected on 2022-06-22. Size fraction MF100um,256318,metagenome,metagenome,biomass derived from sieving motile communities present in the retrieval tub of an autonomous reef monitoring structure through a 100 micrometre mesh [ENVO:01001900],autonomous reef monitoring structure [ENVO:01001855],2021-06-23 00:00:00,2022-06-22 00:00:00,CPOWERA,BPNS_CPOWERA_HA_210623_220622,Yes,DESS,Rune Lagaisse,0000-0001-9191-9140,26,2,,MF,100,,,,2022-06-22 00:00:00,shipped to HQ,4,Rune Lagaisse,0000-0001-9191-9140,NA,NA,NA,N,2022-09-26 00:00:00,2022-09-30 00:00:00,-20,2023-07-18 00:00:00,2023-07-18 00:00:00,batch_3.1,,,,EMOBON_BPNS_Ha_7
EMO BON CPOWERB HA 20210623 20220622 SF40 (1),EMOBON metagenome  sample from station BPNS. ARMS deployed on 2021-06-23 collected on 2022-06-22. Size fraction SF40um,256318,metagenome,metagenome,blended biomass derived from sessile communities colonising an autonomous reef monitoring structure [ENVO:01001863],autonomous reef monitoring structure [ENVO:01001855],2021-06-23 00:00:00,2022-06-22 00:00:00,CPOWERB,BPNS_CPOWERB_HA_210623_220622,Yes,DESS,Rune Lagaisse,0000-0001-9191-9140,26,1,,SF,40,,,,2022-06-22 00:00:00,shipped to HQ,4,Rune Lagaisse,0000-0001-9191-9140,NA,NA,Y,N,2022-09-26 00:00:00,2022-09-30 00:00:00,-20,2023-07-18 00:00:00,2023-07-18 00:00:00,batch_3.2,,,,EMOBON_BPNS_Ha_8
EMO BON CPOWERB HA 20210623 20220622 SF40 (2),EMOBON metagenome  sample from station BPNS. ARMS deployed on 2021-06-23 collected on 2022-06-22. Size fraction SF40um,256318,metagenome,metagenome,blended biomass derived from sessile communities colonising an autonomous reef monitoring structure [ENVO:01001863],autonomous reef monitoring structure [ENVO:01001855],2021-06-23 00:00:00,2022-06-22 00:00:00,CPOWERB,BPNS_CPOWERB_HA_210623_220622,Yes,DESS,Rune Lagaisse,0000-0001-9191-9140,26,2,,SF,40,,,,2022-06-22 00:00:00,shipped to HQ,4,Rune Lagaisse,0000-0001-9191-9140,NA,NA,Y,N,2022-09-26 00:00:00,2022-09-30 00:00:00,-20,2023-07-18 00:00:00,2023-07-18 00:00:00,batch_3.2,,,,EMOBON_BPNS_Ha_9
EMO BON CPOWERB HA 20210623 20220622 SF40 (3),EMOBON metagenome  sample from station BPNS. ARMS deployed on 2021-06-23 collected on 2022-06-22. Size fraction SF40um,256318,metagenome,metagenome,blended biomass derived from sessile communities colonising an autonomous reef monitoring structure [ENVO:01001863],autonomous reef monitoring structure [ENVO:01001855],2021-06-23 00:00:00,2022-06-22 00:00:00,CPOWERB,BPNS_CPOWERB_HA_210623_220622,Yes,DESS,Rune Lagaisse,0000-0001-9191-9140,26,3,,SF,40,,,,2022-06-22 00:00:00,shipped to HQ,4,Rune Lagaisse,0000-0001-9191-9140,NA,NA,Y,N,2022-09-26 00:00:00,2022-09-30 00:00:00,-20,2023-07-18 00:00:00,2023-07-18 00:00:00,batch_3.2,,,,EMOBON_BPNS_Ha_10
EMO BON CPOWERC HA 20210623 20220622 SF40 (1),EMOBON metagenome  sample from station BPNS. ARMS deployed on 2021-06-23 collected on 2022-06-22. Size fraction SF40um,256318,metagenome,metagenome,blended biomass derived from sessile communities colonising an autonomous reef monitoring structure [ENVO:01001863],autonomous reef monitoring structure [ENVO:01001855],2021-06-23 00:00:00,2022-06-22 00:00:00,CPOWERC,BPNS_CPOWERB_HA_210623_220622,Yes,DESS,Rune Lagaisse,0000-0001-9191-9140,26,1,,SF,40,,,,2022-06-22 00:00:00,shipped to HQ,4,Rune Lagaisse,0000-0001-9191-9140,NA,NA,Y,N,2022-09-26 00:00:00,2022-09-30 00:00:00,-20,2023-07-18 00:00:00,2023-07-18 00:00:00,batch_3.2,,,,EMOBON_BPNS_Ha_11
EMO BON CPOWERB HA 20210623 20220622 MF500 (1),EMOBON metagenome  sample from station BPNS. ARMS deployed on 2021-06-23 collected on 2022-06-22. Size fraction MF500um,256318,metagenome,metagenome,biomass derived from sieving motile communities present in the retrieval tub of an autonomous reef monitoring structure through a 500 micrometre mesh [ENVO:01001901],autonomous reef monitoring structure [ENVO:01001855],2021-06-23 00:00:00,2022-06-22 00:00:00,CPOWERB,BPNS_CPOWERB_HA_210623_220622,Yes,DESS,Rune Lagaisse,0000-0001-9191-9140,26,1,,MF,500,,,,2022-06-22 00:00:00,shipped to HQ,4,Rune Lagaisse,0000-0001-9191-9140,NA,NA,NA,N,2022-09-26 00:00:00,2022-09-30 00:00:00,-20,2023-07-18 00:00:00,2023-07-18 00:00:00,batch_3.2,,,,EMOBON_BPNS_Ha_12
EMO BON CPOWERB HA 20210623 20220622 MF500 (2),EMOBON metagenome  sample from station BPNS. ARMS deployed on 2021-06-23 collected on 2022-06-22. Size fraction MF500um,256318,metagenome,metagenome,biomass derived from sieving motile communities present in the retrieval tub of an autonomous reef monitoring structure through a 500 micrometre mesh [ENVO:01001901],autonomous reef monitoring structure [ENVO:01001855],2021-06-23 00:00:00,2022-06-22 00:00:00,CPOWERB,BPNS_CPOWERB_HA_210623_220622,Yes,DESS,Rune Lagaisse,0000-0001-9191-9140,26,2,,MF,500,,,,2022-06-22 00:00:00,shipped to HQ,4,Rune Lagaisse,0000-0001-9191-9140,NA,NA,NA,N,2022-09-26 00:00:00,2022-09-30 00:00:00,-20,2023-07-18 00:00:00,2023-07-18 00:00:00,batch_3.2,,,,EMOBON_BPNS_Ha_13
EMO BON CPOWERB HA 20210623 20220622 MF100 (1),EMOBON metagenome  sample from station BPNS. ARMS deployed on 2021-06-23 collected on 2022-06-22. Size fraction MF100um,256318,metagenome,metagenome,biomass derived from sieving motile communities present in the retrieval tub of an autonomous reef monitoring structure through a 100 micrometre mesh [ENVO:01001900],autonomous reef monitoring structure [ENVO:01001855],2021-06-23 00:00:00,2022-06-22 00:00:00,CPOWERB,BPNS_CPOWERB_HA_210623_220622,Yes,DESS,Rune Lagaisse,0000-0001-9191-9140,26,1,,MF,100,,,,2022-06-22 00:00:00,shipped to HQ,4,Rune Lagaisse,0000-0001-9191-9140,NA,NA,NA,N,2022-09-26 00:00:00,2022-09-30 00:00:00,-20,2023-07-18 00:00:00,2023-07-18 00:00:00,batch_3.2,,,,EMOBON_BPNS_Ha_14
EMO BON CPOWERB HA 20210623 20220622 MF100 (2),EMOBON metagenome  sample from station BPNS. ARMS deployed on 2021-06-23 collected on 2022-06-22. Size fraction MF100um,256318,metagenome,metagenome,biomass derived from sieving motile communities present in the retrieval tub of an autonomous reef monitoring structure through a 100 micrometre mesh [ENVO:01001900],autonomous reef monitoring structure [ENVO:01001855],2021-06-23 00:00:00,2022-06-22 00:00:00,CPOWERB,BPNS_CPOWERB_HA_210623_220622,Yes,DESS,Rune Lagaisse,0000-0001-9191-9140,26,2,,MF,100,,,,2022-06-22 00:00:00,shipped to HQ,4,Rune Lagaisse,0000-0001-9191-9140,NA,NA,NA,N,2022-09-26 00:00:00,2022-09-30 00:00:00,-20,2023-07-18 00:00:00,2023-07-18 00:00:00,batch_3.2,,,,EMOBON_BPNS_Ha_15
EMO BON CPOWERC HA 20210623 20220622 SF40 (2),EMOBON metagenome  sample from station BPNS. ARMS deployed on 2021-06-23 collected on 2022-06-22. Size fraction SF40um,256318,metagenome,metagenome,blended biomass derived from sessile communities colonising an autonomous reef monitoring structure [ENVO:01001863],autonomous reef monitoring structure [ENVO:01001855],2021-06-23 00:00:00,2022-06-22 00:00:00,CPOWERC,BPNS_CPOWERC_HA_210623_220622,Yes,DESS,Rune Lagaisse,0000-0001-9191-9140,26,2,,SF,40,,,,2022-06-22 00:00:00,shipped to HQ,4,Rune Lagaisse,0000-0001-9191-9140,NA,NA,Y,N,2022-09-26 00:00:00,2022-09-30 00:00:00,-20,2023-07-18 00:00:00,2023-07-18 00:00:00,batch_3.2,,,,EMOBON_BPNS_Ha_16
EMO BON CPOWERC HA 20210623 20220622 SF40 (3),EMOBON metagenome  sample from station BPNS. ARMS deployed on 2021-06-23 collected on 2022-06-22. Size fraction SF40um,256318,metagenome,metagenome,blended biomass derived from sessile communities colonising an autonomous reef monitoring structure [ENVO:01001863],autonomous reef monitoring structure [ENVO:01001855],2021-06-23 00:00:00,2022-06-22 00:00:00,CPOWERC,BPNS_CPOWERC_HA_210623_220622,Yes,DESS,Rune Lagaisse,0000-0001-9191-9140,26,2,,SF,40,,,,2022-06-22 00:00:00,shipped to HQ,4,Rune Lagaisse,0000-0001-9191-9140,NA,NA,Y,N,2022-09-26 00:00:00,2022-09-30 00:00:00,-20,2023-07-18 00:00:00,2023-07-18 00:00:00,batch_3.2,,,,EMOBON_BPNS_Ha_17
EMO BON CPOWERC HA 20210623 20220622 MF500 (1),EMOBON metagenome  sample from station BPNS. ARMS deployed on 2021-06-23 collected on 2022-06-22. Size fraction MF500um,256318,metagenome,metagenome,biomass derived from sieving motile communities present in the retrieval tub of an autonomous reef monitoring structure through a 500 micrometre mesh [ENVO:01001901],autonomous reef monitoring structure [ENVO:01001855],2021-06-23 00:00:00,2022-06-22 00:00:00,CPOWERC,BPNS_CPOWERC_HA_210623_220622,Yes,DESS,Rune Lagaisse,0000-0001-9191-9140,26,1,,MF,500,,,,2022-06-22 00:00:00,shipped to HQ,4,Rune Lagaisse,0000-0001-9191-9140,NA,NA,NA,N,2022-09-26 00:00:00,2022-09-30 00:00:00,-20,2023-07-18 00:00:00,2023-07-18 00:00:00,batch_3.2,,,,EMOBON_BPNS_Ha_18
EMO BON CPOWERC HA 20210623 20220622 MF500 (2),EMOBON metagenome  sample from station BPNS. ARMS deployed on 2021-06-23 collected on 2022-06-22. Size fraction MF500um,256318,metagenome,metagenome,biomass derived from sieving motile communities present in the retrieval tub of an autonomous reef monitoring structure through a 500 micrometre mesh [ENVO:01001901],autonomous reef monitoring structure [ENVO:01001855],2021-06-23 00:00:00,2022-06-22 00:00:00,CPOWERC,BPNS_CPOWERC_HA_210623_220622,Yes,DESS,Rune Lagaisse,0000-0001-9191-9140,26,2,,MF,500,,,,2022-06-22 00:00:00,shipped to HQ,4,Rune Lagaisse,0000-0001-9191-9140,NA,NA,NA,N,2022-09-26 00:00:00,2022-09-30 00:00:00,-20,2023-07-18 00:00:00,2023-07-18 00:00:00,batch_3.2,,,,EMOBON_BPNS_Ha_19
EMO BON CPOWERC HA 20210623 20220622 MF100 (1),EMOBON metagenome  sample from station BPNS. ARMS deployed on 2021-06-23 collected on 2022-06-22. Size fraction MF100um,256318,metagenome,metagenome,biomass derived from sieving motile communities present in the retrieval tub of an autonomous reef monitoring structure through a 100 micrometre mesh [ENVO:01001900],autonomous reef monitoring structure [ENVO:01001855],2021-06-23 00:00:00,2022-06-22 00:00:00,CPOWERC,BPNS_CPOWERC_HA_210623_220622,Yes,DESS,Rune Lagaisse,0000-0001-9191-9140,26,1,,MF,100,,,,2022-06-22 00:00:00,shipped to HQ,4,Rune Lagaisse,0000-0001-9191-9140,NA,NA,NA,N,2022-09-26 00:00:00,2022-09-30 00:00:00,-20,2023-07-18 00:00:00,2023-07-18 00:00:00,batch_3.2,,,,EMOBON_BPNS_Ha_20
EMO BON CPOWERC HA 20210623 20220622 MF100 (2),EMOBON metagenome  sample from station BPNS. ARMS deployed on 2021-06-23 collected on 2022-06-22. Size fraction MF100um,256318,metagenome,metagenome,biomass derived from sieving motile communities present in the retrieval tub of an autonomous reef monitoring structure through a 100 micrometre mesh [ENVO:01001900],autonomous reef monitoring structure [ENVO:01001855],2021-06-23 00:00:00,2022-06-22 00:00:00,CPOWERC,BPNS_CPOWERC_HA_210623_220622,Yes,DESS,Rune Lagaisse,0000-0001-9191-9140,26,2,,MF,100,,,,2022-06-22 00:00:00,shipped to HQ,4,Rune Lagaisse,0000-0001-9191-9140,NA,NA,NA,N,2022-09-26 00:00:00,2022-09-30 00:00:00,-20,2023-07-18 00:00:00,2023-07-18 00:00:00,batch_3.2,,,,EMOBON_BPNS_Ha_21
ARMS_BelgiumCoast_CoastbustersB_20210422_20230215_SF40_1,EMOBON metagenome  sample from station BPNS. ARMS deployed on 2021-04-22 collected on 2023-04-22. Size fraction SF40um,256318,metagenome,metagenome,blended biomass derived from sessile communities colonising an autonomous reef monitoring structure [ENVO:01001863],autonomous reef monitoring structure [ENVO:01001855],2021-04-22 00:00:00,2023-04-22 00:00:00,CoastbustersB,BPNS_CoastbustersB_Ha_210422_230215,Yes,DESS,Rune Lagaisse,0000-0001-9191-9140,9,1,,SF,40,,,,2023-04-22 00:00:00,shipped to HQ,-80,Rune Lagaisse,0000-0001-9191-9140,NA,NA,Y,N,2023-09-11 00:00:00,2023-09-14 00:00:00,-20,2024-04-01 00:00:00,2024-04-01 00:00:00,batch_4,,,,EMOBON_BPNS_Ha_22
ARMS_BelgiumCoast_CoastbustersB_20210422_20230215_SF40_2,EMOBON metagenome  sample from station BPNS. ARMS deployed on 2021-04-22 collected on 2023-04-22. Size fraction SF40um,256318,metagenome,metagenome,blended biomass derived from sessile communities colonising an autonomous reef monitoring structure [ENVO:01001863],autonomous reef monitoring structure [ENVO:01001855],2021-04-22 00:00:00,2023-04-22 00:00:00,CoastbustersB,BPNS_CoastbustersB_Ha_210422_230215,Yes,DESS,Rune Lagaisse,0000-0001-9191-9140,9,2,,SF,40,,,,2023-04-22 00:00:00,shipped to HQ,-80,Rune Lagaisse,0000-0001-9191-9140,NA,NA,Y,N,2023-09-11 00:00:00,2023-09-14 00:00:00,-20,2024-04-01 00:00:00,2024-04-01 00:00:00,batch_4,,,,EMOBON_BPNS_Ha_23
ARMS_BelgiumCoast_CoastbustersB_20210422_20230215_MF100_1,EMOBON metagenome  sample from station BPNS. ARMS deployed on 2021-04-22 collected on 2023-04-22. Size fraction MF100um,256318,metagenome,metagenome,biomass derived from sieving motile communities present in the retrieval tub of an autonomous reef monitoring structure through a 100 micrometre mesh [ENVO:01001900],autonomous reef monitoring structure [ENVO:01001855],2021-04-22 00:00:00,2023-04-22 00:00:00,CoastbustersB,BPNS_CoastbustersB_Ha_210422_230215,Yes,DESS,Rune Lagaisse,0000-0001-9191-9140,9,1,,MF,100,,,,2023-04-22 00:00:00,shipped to HQ,-80,Rune Lagaisse,0000-0001-9191-9140,NA,NA,NA,N,2023-09-11 00:00:00,2023-09-14 00:00:00,-20,2024-04-01 00:00:00,2024-04-01 00:00:00,batch_4,,,,EMOBON_BPNS_Ha_24
ARMS_BelgiumCoast_CoastbustersB_20210422_20230215_MF100_2,EMOBON metagenome  sample from station BPNS. ARMS deployed on 2021-04-22 collected on 2023-04-22. Size fraction MF100um,256318,metagenome,metagenome,biomass derived from sieving motile communities present in the retrieval tub of an autonomous reef monitoring structure through a 100 micrometre mesh [ENVO:01001900],autonomous reef monitoring structure [ENVO:01001855],2021-04-22 00:00:00,2023-04-22 00:00:00,CoastbustersB,BPNS_CoastbustersB_Ha_210422_230215,Yes,DESS,Rune Lagaisse,0000-0001-9191-9140,9,2,,MF,100,,,,2023-04-22 00:00:00,shipped to HQ,-80,Rune Lagaisse,0000-0001-9191-9140,NA,NA,NA,N,2023-09-11 00:00:00,2023-09-14 00:00:00,-20,2024-04-01 00:00:00,2024-04-01 00:00:00,batch_4,,,,EMOBON_BPNS_Ha_25
ARMS_BelgiumCoast_CoastbustersB_20210422_20230215_MF500_1,EMOBON metagenome  sample from station BPNS. ARMS deployed on 2021-04-22 collected on 2023-04-22. Size fraction MF500um,256318,metagenome,metagenome,biomass derived from sieving motile communities present in the retrieval tub of an autonomous reef monitoring structure through a 500 micrometre mesh [ENVO:01001901],autonomous reef monitoring structure [ENVO:01001855],2021-04-22 00:00:00,2023-04-22 00:00:00,CoastbustersB,BPNS_CoastbustersB_Ha_210422_230215,Yes,DESS,Rune Lagaisse,0000-0001-9191-9140,9,1,,MF,500,,,,2023-04-22 00:00:00,shipped to HQ,-80,Rune Lagaisse,0000-0001-9191-9140,NA,NA,NA,N,2023-09-11 00:00:00,2023-09-14 00:00:00,-20,2024-04-01 00:00:00,2024-04-01 00:00:00,batch_4,,,,EMOBON_BPNS_Ha_26
ARMS_BelgiumCoast_CPowerA_20220622_20230905_SF40_1,EMOBON metagenome  sample from station BPNS. ARMS deployed on 2022-06-22 collected on 2023-09-05. Size fraction SF40um,256318,metagenome,metagenome,blended biomass derived from sessile communities colonising an autonomous reef monitoring structure [ENVO:01001863],autonomous reef monitoring structure [ENVO:01001855],2022-06-22 00:00:00,2023-09-05 00:00:00,CPOWERA,BPNS_CPOWERA_Ha_220622_230905,Yes,DESS,Rune Lagaisse,0000-0001-9191-9140,26,1,,SF,40,,,,2023-09-05 00:00:00,shipped to HQ,-80,Rune Lagaisse,0000-0001-9191-9140,NA,NA,Y,N,2023-09-11 00:00:00,2023-09-14 00:00:00,-20,2024-04-01 00:00:00,2024-04-01 00:00:00,batch_4,,,,EMOBON_BPNS_Ha_27
ARMS_BelgiumCoast_CPowerA_20220622_20230905_SF40_2,EMOBON metagenome  sample from station BPNS. ARMS deployed on 2022-06-22 collected on 2023-09-05. Size fraction SF40um,256318,metagenome,metagenome,blended biomass derived from sessile communities colonising an autonomous reef monitoring structure [ENVO:01001863],autonomous reef monitoring structure [ENVO:01001855],2022-06-22 00:00:00,2023-09-05 00:00:00,CPOWERA,BPNS_CPOWERA_Ha_220622_230905,Yes,DESS,Rune Lagaisse,0000-0001-9191-9140,26,2,,SF,40,,,,2023-09-05 00:00:00,shipped to HQ,-80,Rune Lagaisse,0000-0001-9191-9140,NA,NA,Y,N,2023-09-11 00:00:00,2023-09-14 00:00:00,-20,2024-04-01 00:00:00,2024-04-01 00:00:00,batch_4,,,,EMOBON_BPNS_Ha_28
ARMS_BelgiumCoast_CPowerA_20220622_20230905_MF100_1,EMOBON metagenome  sample from station BPNS. ARMS deployed on 2022-06-22 collected on 2023-09-05. Size fraction MF100um,256318,metagenome,metagenome,biomass derived from sieving motile communities present in the retrieval tub of an autonomous reef monitoring structure through a 100 micrometre mesh [ENVO:01001900],autonomous reef monitoring structure [ENVO:01001855],2022-06-22 00:00:00,2023-09-05 00:00:00,CPOWERA,BPNS_CPOWERA_Ha_220622_230905,Yes,DESS,Rune Lagaisse,0000-0001-9191-9140,26,1,,MF,100,,,,2023-09-05 00:00:00,shipped to HQ,-80,Rune Lagaisse,0000-0001-9191-9140,NA,NA,NA,N,2023-09-11 00:00:00,2023-09-14 00:00:00,-20,2024-04-01 00:00:00,2024-04-01 00:00:00,batch_4,,,,EMOBON_BPNS_Ha_29
ARMS_BelgiumCoast_CPowerA_20220622_20230905_MF500_1,EMOBON metagenome  sample from station BPNS. ARMS deployed on 2022-06-22 collected on 2023-09-05. Size fraction MF500um,256318,metagenome,metagenome,biomass derived from sieving motile communities present in the retrieval tub of an autonomous reef monitoring structure through a 500 micrometre mesh [ENVO:01001901],autonomous reef monitoring structure [ENVO:01001855],2022-06-22 00:00:00,2023-09-05 00:00:00,CPOWERA,BPNS_CPOWERA_Ha_220622_230905,Yes,DESS,Rune Lagaisse,0000-0001-9191-9140,26,1,,MF,500,,,,2023-09-05 00:00:00,shipped to HQ,-80,Rune Lagaisse,0000-0001-9191-9140,NA,NA,NA,N,2023-09-11 00:00:00,2023-09-14 00:00:00,-20,2024-04-01 00:00:00,2024-04-01 00:00:00,batch_4,,,,EMOBON_BPNS_Ha_30
ARMS_BelgiumCoast_CPowerA_20220622_20230905_MF500_2,EMOBON metagenome  sample from station BPNS. ARMS deployed on 2022-06-22 collected on 2023-09-05. Size fraction MF500um,256318,metagenome,metagenome,biomass derived from sieving motile communities present in the retrieval tub of an autonomous reef monitoring structure through a 500 micrometre mesh [ENVO:01001901],autonomous reef monitoring structure [ENVO:01001855],2022-06-22 00:00:00,2023-09-05 00:00:00,CPOWERA,BPNS_CPOWERA_Ha_220622_230905,Yes,DESS,Rune Lagaisse,0000-0001-9191-9140,26,2,,MF,500,,,,2023-09-05 00:00:00,shipped to HQ,-80,Rune Lagaisse,0000-0001-9191-9140,NA,NA,NA,N,2023-09-11 00:00:00,2023-09-14 00:00:00,-20,2024-04-01 00:00:00,2024-04-01 00:00:00,batch_4,,,,EMOBON_BPNS_Ha_31
ARMS_BelgiumCoast_CPowerB_20220622_20230905_SF40_1,EMOBON metagenome  sample from station BPNS. ARMS deployed on 2022-06-22 collected on 2023-09-05. Size fraction SF40um,256318,metagenome,metagenome,blended biomass derived from sessile communities colonising an autonomous reef monitoring structure [ENVO:01001863],autonomous reef monitoring structure [ENVO:01001855],2022-06-22 00:00:00,2023-09-05 00:00:00,CPOWERB,BPNS_CPOWERB_Ha_220622_230905,Yes,DESS,Rune Lagaisse,0000-0001-9191-9140,26,1,,SF,40,,,,2023-09-05 00:00:00,shipped to HQ,-80,Rune Lagaisse,0000-0001-9191-9140,NA,NA,Y,N,2023-09-11 00:00:00,2023-09-14 00:00:00,-20,2024-04-01 00:00:00,2024-04-01 00:00:00,batch_4,,,,EMOBON_BPNS_Ha_32
ARMS_BelgiumCoast_CPowerB_20220622_20230905_SF40_2,EMOBON metagenome  sample from station BPNS. ARMS deployed on 2022-06-22 collected on 2023-09-05. Size fraction SF40um,256318,metagenome,metagenome,blended biomass derived from sessile communities colonising an autonomous reef monitoring structure [ENVO:01001863],autonomous reef monitoring structure [ENVO:01001855],2022-06-22 00:00:00,2023-09-05 00:00:00,CPOWERB,BPNS_CPOWERB_Ha_220622_230905,Yes,DESS,Rune Lagaisse,0000-0001-9191-9140,26,2,,SF,40,,,,2023-09-05 00:00:00,shipped to HQ,-80,Rune Lagaisse,0000-0001-9191-9140,NA,NA,Y,N,2023-09-11 00:00:00,2023-09-14 00:00:00,-20,2024-04-01 00:00:00,2024-04-01 00:00:00,batch_4,,,,EMOBON_BPNS_Ha_33
ARMS_BelgiumCoast_CPowerB_20220622_20230905_MF100_1,EMOBON metagenome  sample from station BPNS. ARMS deployed on 2022-06-22 collected on 2023-09-05. Size fraction MF100um,256318,metagenome,metagenome,biomass derived from sieving motile communities present in the retrieval tub of an autonomous reef monitoring structure through a 100 micrometre mesh [ENVO:01001900],autonomous reef monitoring structure [ENVO:01001855],2022-06-22 00:00:00,2023-09-05 00:00:00,CPOWERB,BPNS_CPOWERB_Ha_220622_230905,Yes,DESS,Rune Lagaisse,0000-0001-9191-9140,26,1,,MF,100,,,,2023-09-05 00:00:00,shipped to HQ,-80,Rune Lagaisse,0000-0001-9191-9140,NA,NA,NA,N,2023-09-11 00:00:00,2023-09-14 00:00:00,-20,2024-04-01 00:00:00,2024-04-01 00:00:00,batch_4,,,,EMOBON_BPNS_Ha_34
ARMS_BelgiumCoast_CPowerB_20220622_20230905_MF100_2,EMOBON metagenome  sample from station BPNS. ARMS deployed on 2022-06-22 collected on 2023-09-05. Size fraction MF100um,256318,metagenome,metagenome,biomass derived from sieving motile communities present in the retrieval tub of an autonomous reef monitoring structure through a 100 micrometre mesh [ENVO:01001900],autonomous reef monitoring structure [ENVO:01001855],2022-06-22 00:00:00,2023-09-05 00:00:00,CPOWERB,BPNS_CPOWERB_Ha_220622_230905,Yes,DESS,Rune Lagaisse,0000-0001-9191-9140,26,2,,MF,100,,,,2023-09-05 00:00:00,shipped to HQ,-80,Rune Lagaisse,0000-0001-9191-9140,NA,NA,NA,N,2023-09-11 00:00:00,2023-09-14 00:00:00,-20,2024-04-01 00:00:00,2024-04-01 00:00:00,batch_4,,,,EMOBON_BPNS_Ha_35
ARMS_BelgiumCoast_CPowerB_20220622_20230905_MF500_1,EMOBON metagenome  sample from station BPNS. ARMS deployed on 2022-06-22 collected on 2023-09-05. Size fraction MF500um,256318,metagenome,metagenome,biomass derived from sieving motile communities present in the retrieval tub of an autonomous reef monitoring structure through a 500 micrometre mesh [ENVO:01001901],autonomous reef monitoring structure [ENVO:01001855],2022-06-22 00:00:00,2023-09-05 00:00:00,CPOWERB,BPNS_CPOWERB_Ha_220622_230905,Yes,DESS,Rune Lagaisse,0000-0001-9191-9140,26,1,,MF,500,,,,2023-09-05 00:00:00,shipped to HQ,-80,Rune Lagaisse,0000-0001-9191-9140,NA,NA,NA,N,2023-09-11 00:00:00,2023-09-14 00:00:00,-20,2024-04-01 00:00:00,2024-04-01 00:00:00,batch_4,,,,EMOBON_BPNS_Ha_36
ARMS_BelgiumCoast_CPowerB_20220622_20230905_MF500_2,EMOBON metagenome  sample from station BPNS. ARMS deployed on 2022-06-22 collected on 2023-09-05. Size fraction MF500um,256318,metagenome,metagenome,biomass derived from sieving motile communities present in the retrieval tub of an autonomous reef monitoring structure through a 500 micrometre mesh [ENVO:01001901],autonomous reef monitoring structure [ENVO:01001855],2022-06-22 00:00:00,2023-09-05 00:00:00,CPOWERB,BPNS_CPOWERB_Ha_220622_230905,Yes,DESS,Rune Lagaisse,0000-0001-9191-9140,26,2,,MF,500,,,,2023-09-05 00:00:00,shipped to HQ,-80,Rune Lagaisse,0000-0001-9191-9140,NA,NA,NA,N,2023-09-11 00:00:00,2023-09-14 00:00:00,-20,2024-04-01 00:00:00,2024-04-01 00:00:00,batch_4,,,,EMOBON_BPNS_Ha_37
ARMS_BelgiumCoast_CPowerC_20220622_20230905_SF40_1,EMOBON metagenome  sample from station BPNS. ARMS deployed on 2022-06-22 collected on 2023-09-05. Size fraction SF40um,256318,metagenome,metagenome,blended biomass derived from sessile communities colonising an autonomous reef monitoring structure [ENVO:01001863],autonomous reef monitoring structure [ENVO:01001855],2022-06-22 00:00:00,2023-09-05 00:00:00,CPOWERC,BPNS_CPOWERC_Ha_220622_230905,Yes,DESS,Rune Lagaisse,0000-0001-9191-9140,26,1,,SF,40,,,,2023-09-05 00:00:00,shipped to HQ,-80,Rune Lagaisse,0000-0001-9191-9140,NA,NA,NA,N,2023-09-11 00:00:00,2023-09-14 00:00:00,-20,2024-04-01 00:00:00,2024-04-01 00:00:00,batch_4,,,,EMOBON_BPNS_Ha_38
ARMS_BelgiumCoast_CPowerC_20220622_20230905_SF40_2,EMOBON metagenome  sample from station BPNS. ARMS deployed on 2022-06-22 collected on 2023-09-05. Size fraction SF40um,256318,metagenome,metagenome,blended biomass derived from sessile communities colonising an autonomous reef monitoring structure [ENVO:01001863],autonomous reef monitoring structure [ENVO:01001855],2022-06-22 00:00:00,2023-09-05 00:00:00,CPOWERC,BPNS_CPOWERC_Ha_220622_230905,Yes,DESS,Rune Lagaisse,0000-0001-9191-9140,26,2,,SF,40,,,,2023-09-05 00:00:00,shipped to HQ,-80,Rune Lagaisse,0000-0001-9191-9140,NA,NA,Y,N,2023-09-11 00:00:00,2023-09-14 00:00:00,-20,2024-04-01 00:00:00,2024-04-01 00:00:00,batch_4,,,,EMOBON_BPNS_Ha_39
ARMS_BelgiumCoast_CPowerC_20220622_20230905_MF100_1,EMOBON metagenome  sample from station BPNS. ARMS deployed on 2022-06-22 collected on 2023-09-05. Size fraction MF100um,256318,metagenome,metagenome,biomass derived from sieving motile communities present in the retrieval tub of an autonomous reef monitoring structure through a 100 micrometre mesh [ENVO:01001900],autonomous reef monitoring structure [ENVO:01001855],2022-06-22 00:00:00,2023-09-05 00:00:00,CPOWERC,BPNS_CPOWERC_Ha_220622_230905,Yes,DESS,Rune Lagaisse,0000-0001-9191-9140,26,1,,MF,100,,,,2023-09-05 00:00:00,shipped to HQ,-80,Rune Lagaisse,0000-0001-9191-9140,NA,NA,Y,N,2023-09-11 00:00:00,2023-09-14 00:00:00,-20,2024-04-01 00:00:00,2024-04-01 00:00:00,batch_4,,,,EMOBON_BPNS_Ha_40
ARMS_BelgiumCoast_CPowerC_20220622_20230905_MF100_2,EMOBON metagenome  sample from station BPNS. ARMS deployed on 2022-06-22 collected on 2023-09-05. Size fraction MF100um,256318,metagenome,metagenome,biomass derived from sieving motile communities present in the retrieval tub of an autonomous reef monitoring structure through a 100 micrometre mesh [ENVO:01001900],autonomous reef monitoring structure [ENVO:01001855],2022-06-22 00:00:00,2023-09-05 00:00:00,CPOWERC,BPNS_CPOWERC_Ha_220622_230905,Yes,DESS,Rune Lagaisse,0000-0001-9191-9140,26,2,,MF,100,,,,2023-09-05 00:00:00,shipped to HQ,-80,Rune Lagaisse,0000-0001-9191-9140,NA,NA,NA,N,2023-09-11 00:00:00,2023-09-14 00:00:00,-20,2024-04-01 00:00:00,2024-04-01 00:00:00,batch_4,,,,EMOBON_BPNS_Ha_41
ARMS_BelgiumCoast_CPowerC_20220622_20230905_MF500_1,EMOBON metagenome  sample from station BPNS. ARMS deployed on 2022-06-22 collected on 2023-09-05. Size fraction MF500um,256318,metagenome,metagenome,biomass derived from sieving motile communities present in the retrieval tub of an autonomous reef monitoring structure through a 500 micrometre mesh [ENVO:01001901],autonomous reef monitoring structure [ENVO:01001855],2022-06-22 00:00:00,2023-09-05 00:00:00,CPOWERC,BPNS_CPOWERC_Ha_220622_230905,Yes,DESS,Rune Lagaisse,0000-0001-9191-9140,26,1,,MF,500,,,,2023-09-05 00:00:00,shipped to HQ,-80,Rune Lagaisse,0000-0001-9191-9140,NA,NA,NA,N,2023-09-11 00:00:00,2023-09-14 00:00:00,-20,2024-04-01 00:00:00,2024-04-01 00:00:00,batch_4,,,,EMOBON_BPNS_Ha_42
ARMS_BelgiumCoast_CPowerA_20231023_20240718_SF40_1,EMOBON metagenome  sample from station BPNS. ARMS deployed on 2023-10-23 collected on 2024-07-18. Size fraction SF40um,256318,metagenome,metagenome,blended biomass derived from sessile communities colonising an autonomous reef monitoring structure [ENVO:01001863],autonomous reef monitoring structure [ENVO:01001855],2023-10-23 00:00:00,2024-07-18 00:00:00,CPOWERA,BPNS_CPowerA_Ha_231023_240718,Yes,DESS,Hanneloor Heynderickx,0000-0002-5611-837X,,1,,SF,40,,,,2024-07-18 00:00:00,,-80,Hanneloor Heynderickx,0000-0002-5611-837X,NA,NA,,N,2025-01-27 00:00:00,2025-02-03 00:00:00,-20,2025-05-19 00:00:00,2025-05-21 00:00:00,batch_6,,,,EMOBON_BPNS_Ha_43
ARMS_BelgiumCoast_CPowerA_20231023_20240718_SF40_2,EMOBON metagenome  sample from station BPNS. ARMS deployed on 2023-10-23 collected on 2024-07-18. Size fraction SF40um,256318,metagenome,metagenome,blended biomass derived from sessile communities colonising an autonomous reef monitoring structure [ENVO:01001863],autonomous reef monitoring structure [ENVO:01001855],2023-10-23 00:00:00,2024-07-18 00:00:00,CPOWERA,BPNS_CPowerA_Ha_220622_230905,Yes,DESS,Hanneloor Heynderickx,0000-0002-5611-837X,,2,,SF,40,,,,2024-07-18 00:00:00,,-80,Hanneloor Heynderickx,0000-0002-5611-837X,NA,NA,,Y,2025-01-27 00:00:00,2025-02-03 00:00:00,-20,NA,NA,NA,NA,not sequenced due to low budget; returned to BPNS on 24/11/2025,,EMOBON_BPNS_Ha_44
ARMS_BelgiumCoast_CPowerA_20231023_20240718_SF40_3,EMOBON metagenome  sample from station BPNS. ARMS deployed on 2023-10-23 collected on 2024-07-18. Size fraction SF40um,256318,metagenome,metagenome,blended biomass derived from sessile communities colonising an autonomous reef monitoring structure [ENVO:01001863],autonomous reef monitoring structure [ENVO:01001855],2023-10-23 00:00:00,2024-07-18 00:00:00,CPOWERA,BPNS_CPowerA_Ha_220622_230905,Yes,DESS,Hanneloor Heynderickx,0000-0002-5611-837X,,3,,SF,40,,,,2024-07-18 00:00:00,,-80,Hanneloor Heynderickx,0000-0002-5611-837X,NA,NA,,Y,2025-01-27 00:00:00,2025-02-03 00:00:00,-20,NA,NA,NA,NA,shipped by accident; returned to BPNS on 24/11/2025,,EMOBON_BPNS_Ha_45
ARMS_BelgiumCoast_CPowerA_20231023_20240718_SF40_4,EMOBON metagenome  sample from station BPNS. ARMS deployed on 2023-10-23 collected on 2024-07-18. Size fraction SF40um,256318,metagenome,metagenome,blended biomass derived from sessile communities colonising an autonomous reef monitoring structure [ENVO:01001863],autonomous reef monitoring structure [ENVO:01001855],2023-10-23 00:00:00,2024-07-18 00:00:00,CPOWERA,BPNS_CPowerA_Ha_220622_230905,Yes,DESS,Hanneloor Heynderickx,0000-0002-5611-837X,,4,,SF,40,,,,2024-07-18 00:00:00,,-80,Hanneloor Heynderickx,0000-0002-5611-837X,NA,NA,,Y,NA,NA,NA,NA,NA,NA,NA,,,EMOBON_BPNS_Ha_46
ARMS_BelgiumCoast_CPowerA_20231023_20240718_MF100_1,EMOBON metagenome  sample from station BPNS. ARMS deployed on 2023-10-23 collected on 2024-07-18. Size fraction MF100um,256318,metagenome,metagenome,biomass derived from sieving motile communities present in the retrieval tub of an autonomous reef monitoring structure through a 100 micrometre mesh [ENVO:01001900],autonomous reef monitoring structure [ENVO:01001855],2023-10-23 00:00:00,2024-07-18 00:00:00,CPOWERA,BPNS_CPowerA_Ha_220622_230905,Yes,DESS,Hanneloor Heynderickx,0000-0002-5611-837X,,1,,MF,100,,,,2024-07-18 00:00:00,,-80,Hanneloor Heynderickx,0000-0002-5611-837X,NA,NA,,N,2025-01-27 00:00:00,2025-02-03 00:00:00,-20,2025-05-19 00:00:00,2025-05-21 00:00:00,batch_6,,,,EMOBON_BPNS_Ha_47
ARMS_BelgiumCoast_CPowerA_20231023_20240718_MF100_2,EMOBON metagenome  sample from station BPNS. ARMS deployed on 2023-10-23 collected on 2024-07-18. Size fraction MF100um,256318,metagenome,metagenome,biomass derived from sieving motile communities present in the retrieval tub of an autonomous reef monitoring structure through a 100 micrometre mesh [ENVO:01001900],autonomous reef monitoring structure [ENVO:01001855],2023-10-23 00:00:00,2024-07-18 00:00:00,CPOWERA,BPNS_CPowerA_Ha_220622_230905,Yes,DESS,Hanneloor Heynderickx,0000-0002-5611-837X,,2,,MF,100,,,,2024-07-18 00:00:00,,-80,Hanneloor Heynderickx,0000-0002-5611-837X,NA,NA,,Y,NA,NA,NA,NA,NA,NA,NA,NA,,EMOBON_BPNS_Ha_48
ARMS_BelgiumCoast_CPowerA_20231023_20240718_MF500_1,EMOBON metagenome  sample from station BPNS. ARMS deployed on 2023-10-23 collected on 2024-07-18. Size fraction MF500um,256318,metagenome,metagenome,biomass derived from sieving motile communities present in the retrieval tub of an autonomous reef monitoring structure through a 500 micrometre mesh [ENVO:01001901],autonomous reef monitoring structure [ENVO:01001855],2023-10-23 00:00:00,2024-07-18 00:00:00,CPOWERA,BPNS_CPowerA_Ha_220622_230905,Yes,DESS,Hanneloor Heynderickx,0000-0002-5611-837X,,1,,MF,500,,,,2024-07-18 00:00:00,,-80,Hanneloor Heynderickx,0000-0002-5611-837X,NA,NA,,N,2025-01-27 00:00:00,2025-02-03 00:00:00,-20,2025-05-19 00:00:00,2025-05-21 00:00:00,batch_6,,,,EMOBON_BPNS_Ha_49
ARMS_BelgiumCoast_CPowerA_20231023_20240718_MF500_2,EMOBON metagenome  sample from station BPNS. ARMS deployed on 2023-10-23 collected on 2024-07-18. Size fraction MF500um,256318,metagenome,metagenome,biomass derived from sieving motile communities present in the retrieval tub of an autonomous reef monitoring structure through a 500 micrometre mesh [ENVO:01001901],autonomous reef monitoring structure [ENVO:01001855],2023-10-23 00:00:00,2024-07-18 00:00:00,CPOWERA,BPNS_CPowerA_Ha_220622_230905,Yes,DESS,Hanneloor Heynderickx,0000-0002-5611-837X,,2,,MF,500,,,,2024-07-18 00:00:00,,-80,Hanneloor Heynderickx,0000-0002-5611-837X,NA,NA,,Y,2025-01-27 00:00:00,2025-02-03 00:00:00,-20,NA,NA,NA,NA,not sequenced due to low budget; returned to BPNS on 24/11/2025,,EMOBON_BPNS_Ha_50
ARMS_BelgiumCoast_CPowerA_20231023_20240718_MF500_3,EMOBON metagenome  sample from station BPNS. ARMS deployed on 2023-10-23 collected on 2024-07-18. Size fraction MF500um,256318,metagenome,metagenome,biomass derived from sieving motile communities present in the retrieval tub of an autonomous reef monitoring structure through a 500 micrometre mesh [ENVO:01001901],autonomous reef monitoring structure [ENVO:01001855],2023-10-23 00:00:00,2024-07-18 00:00:00,CPOWERA,BPNS_CPowerA_Ha_220622_230905,Yes,DESS,Hanneloor Heynderickx,0000-0002-5611-837X,,3,,MF,500,,,,2024-07-18 00:00:00,,-80,Hanneloor Heynderickx,0000-0002-5611-837X,NA,NA,,Y,2025-01-27 00:00:00,2025-02-03 00:00:00,-20,NA,NA,NA,NA,shipped by accident; returned to BPNS on 24/11/2025,,EMOBON_BPNS_Ha_51
ARMS_BelgiumCoast_CPowerB_20231023_20240718_SF40_1,EMOBON metagenome  sample from station BPNS. ARMS deployed on 2023-10-23 collected on 2024-07-18. Size fraction SF40um,256318,metagenome,metagenome,blended biomass derived from sessile communities colonising an autonomous reef monitoring structure [ENVO:01001863],autonomous reef monitoring structure [ENVO:01001855],2023-10-23 00:00:00,2024-07-18 00:00:00,CPOWERB,BPNS_CPowerB_Ha_220622_230905,Yes,DESS,Hanneloor Heynderickx,0000-0002-5611-837X,,1,,SF,40,,,,2024-07-18 00:00:00,,-80,Hanneloor Heynderickx,0000-0002-5611-837X,NA,NA,,N,2025-01-27 00:00:00,2025-02-03 00:00:00,-20,2025-05-19 00:00:00,2025-05-21 00:00:00,batch_6,,,,EMOBON_BPNS_Ha_52
ARMS_BelgiumCoast_CPowerB_20231023_20240718_SF40_2,EMOBON metagenome  sample from station BPNS. ARMS deployed on 2023-10-23 collected on 2024-07-18. Size fraction SF40um,256318,metagenome,metagenome,blended biomass derived from sessile communities colonising an autonomous reef monitoring structure [ENVO:01001863],autonomous reef monitoring structure [ENVO:01001855],2023-10-23 00:00:00,2024-07-18 00:00:00,CPOWERB,BPNS_CPowerB_Ha_220622_230905,Yes,DESS,Hanneloor Heynderickx,0000-0002-5611-837X,,2,,SF,40,,,,2024-07-18 00:00:00,,-80,Hanneloor Heynderickx,0000-0002-5611-837X,NA,NA,,Y,2025-01-27 00:00:00,2025-02-03 00:00:00,-20,NA,NA,NA,NA,not sequenced due to low budget; returned to BPNS on 24/11/2025,,EMOBON_BPNS_Ha_53
ARMS_BelgiumCoast_CPowerB_20231023_20240718_SF40_3,EMOBON metagenome  sample from station BPNS. ARMS deployed on 2023-10-23 collected on 2024-07-18. Size fraction SF40um,256318,metagenome,metagenome,blended biomass derived from sessile communities colonising an autonomous reef monitoring structure [ENVO:01001863],autonomous reef monitoring structure [ENVO:01001855],2023-10-23 00:00:00,2024-07-18 00:00:00,CPOWERB,BPNS_CPowerB_Ha_220622_230905,Yes,DESS,Hanneloor Heynderickx,0000-0002-5611-837X,,3,,SF,40,,,,2024-07-18 00:00:00,,-80,Hanneloor Heynderickx,0000-0002-5611-837X,NA,NA,,Y,2025-01-27 00:00:00,2025-02-03 00:00:00,-20,NA,NA,NA,NA,shipped by accident; returned to BPNS on 24/11/2025,,EMOBON_BPNS_Ha_54
ARMS_BelgiumCoast_CPowerB_20231023_20240718_SF40_4,EMOBON metagenome  sample from station BPNS. ARMS deployed on 2023-10-23 collected on 2024-07-18. Size fraction SF40um,256318,metagenome,metagenome,blended biomass derived from sessile communities colonising an autonomous reef monitoring structure [ENVO:01001863],autonomous reef monitoring structure [ENVO:01001855],2023-10-23 00:00:00,2024-07-18 00:00:00,CPOWERB,BPNS_CPowerB_Ha_220622_230905,Yes,DESS,Hanneloor Heynderickx,0000-0002-5611-837X,,4,,SF,40,,,,2024-07-18 00:00:00,,-80,Hanneloor Heynderickx,0000-0002-5611-837X,NA,NA,,Y,NA,NA,NA,NA,NA,NA,NA,,,EMOBON_BPNS_Ha_55
ARMS_BelgiumCoast_CPowerB_20231023_20240718_MF100_1,EMOBON metagenome  sample from station BPNS. ARMS deployed on 2023-10-23 collected on 2024-07-18. Size fraction MF100um,256318,metagenome,metagenome,biomass derived from sieving motile communities present in the retrieval tub of an autonomous reef monitoring structure through a 100 micrometre mesh [ENVO:01001900],autonomous reef monitoring structure [ENVO:01001855],2023-10-23 00:00:00,2024-07-18 00:00:00,CPOWERB,BPNS_CPowerB_Ha_220622_230905,Yes,DESS,Hanneloor Heynderickx,0000-0002-5611-837X,,1,,MF,100,,,,2024-07-18 00:00:00,,-80,Hanneloor Heynderickx,0000-0002-5611-837X,NA,NA,,N,2025-01-27 00:00:00,2025-02-03 00:00:00,-20,2025-05-19 00:00:00,2025-05-21 00:00:00,batch_6,,,,EMOBON_BPNS_Ha_56
ARMS_BelgiumCoast_CPowerB_20231023_20240718_MF100_2,EMOBON metagenome  sample from station BPNS. ARMS deployed on 2023-10-23 collected on 2024-07-18. Size fraction MF100um,256318,metagenome,metagenome,biomass derived from sieving motile communities present in the retrieval tub of an autonomous reef monitoring structure through a 100 micrometre mesh [ENVO:01001900],autonomous reef monitoring structure [ENVO:01001855],2023-10-23 00:00:00,2024-07-18 00:00:00,CPOWERB,BPNS_CPowerB_Ha_220622_230905,Yes,DESS,Hanneloor Heynderickx,0000-0002-5611-837X,,2,,MF,100,,,,2024-07-18 00:00:00,,-80,Hanneloor Heynderickx,0000-0002-5611-837X,NA,NA,,Y,NA,NA,NA,NA,NA,NA,NA,,,EMOBON_BPNS_Ha_57
ARMS_BelgiumCoast_CPowerB_20231023_20240718_MF500_1,EMOBON metagenome  sample from station BPNS. ARMS deployed on 2023-10-23 collected on 2024-07-18. Size fraction MF500um,256318,metagenome,metagenome,biomass derived from sieving motile communities present in the retrieval tub of an autonomous reef monitoring structure through a 500 micrometre mesh [ENVO:01001901],autonomous reef monitoring structure [ENVO:01001855],2023-10-23 00:00:00,2024-07-18 00:00:00,CPOWERB,BPNS_CPowerB_Ha_220622_230905,Yes,DESS,Hanneloor Heynderickx,0000-0002-5611-837X,,1,,MF,500,,,,2024-07-18 00:00:00,,-80,Hanneloor Heynderickx,0000-0002-5611-837X,NA,NA,,N,2025-01-27 00:00:00,2025-02-03 00:00:00,-20,2025-05-19 00:00:00,2025-05-21 00:00:00,batch_6,,,,EMOBON_BPNS_Ha_58
ARMS_BelgiumCoast_CPowerB_20231023_20240718_MF500_2,EMOBON metagenome  sample from station BPNS. ARMS deployed on 2023-10-23 collected on 2024-07-18. Size fraction MF500um,256318,metagenome,metagenome,biomass derived from sieving motile communities present in the retrieval tub of an autonomous reef monitoring structure through a 500 micrometre mesh [ENVO:01001901],autonomous reef monitoring structure [ENVO:01001855],2023-10-23 00:00:00,2024-07-18 00:00:00,CPOWERB,BPNS_CPowerB_Ha_220622_230905,Yes,DESS,Hanneloor Heynderickx,0000-0002-5611-837X,,2,,MF,500,,,,2024-07-18 00:00:00,,-80,Hanneloor Heynderickx,0000-0002-5611-837X,NA,NA,,Y,2025-01-27 00:00:00,2025-02-03 00:00:00,-20,NA,NA,NA,NA,not sequenced due to low budget; returned to BPNS on 24/11/2025,,EMOBON_BPNS_Ha_59
ARMS_BelgiumCoast_CPowerB_20231023_20240718_MF500_3,EMOBON metagenome  sample from station BPNS. ARMS deployed on 2023-10-23 collected on 2024-07-18. Size fraction MF500um,256318,metagenome,metagenome,biomass derived from sieving motile communities present in the retrieval tub of an autonomous reef monitoring structure through a 500 micrometre mesh [ENVO:01001901],autonomous reef monitoring structure [ENVO:01001855],2023-10-23 00:00:00,2024-07-18 00:00:00,CPOWERB,BPNS_CPowerB_Ha_220622_230905,Yes,DESS,Hanneloor Heynderickx,0000-0002-5611-837X,,3,,MF,500,,,,2024-07-18 00:00:00,,-80,Hanneloor Heynderickx,0000-0002-5611-837X,NA,NA,,Y,2025-01-27 00:00:00,2025-02-03 00:00:00,-20,NA,NA,NA,NA,shipped by accident; returned to BPNS on 24/11/2025,,EMOBON_BPNS_Ha_60
ARMS_BelgiumCoast_CPowerC_20231023_20240718_SF40_1,EMOBON metagenome  sample from station BPNS. ARMS deployed on 2023-10-23 collected on 2024-07-18. Size fraction SF40um,256318,metagenome,metagenome,blended biomass derived from sessile communities colonising an autonomous reef monitoring structure [ENVO:01001863],autonomous reef monitoring structure [ENVO:01001855],2023-10-23 00:00:00,2024-07-18 00:00:00,CPOWERC,BPNS_CPowerC_Ha_220622_230905,Yes,DESS,Hanneloor Heynderickx,0000-0002-5611-837X,,1,,SF,40,,,,2024-07-18 00:00:00,,-80,Hanneloor Heynderickx,0000-0002-5611-837X,NA,NA,,N,2025-01-27 00:00:00,2025-02-03 00:00:00,-20,2025-05-19 00:00:00,2025-05-21 00:00:00,batch_6,,,,EMOBON_BPNS_Ha_61
ARMS_BelgiumCoast_CPowerC_20231023_20240718_SF40_2,EMOBON metagenome  sample from station BPNS. ARMS deployed on 2023-10-23 collected on 2024-07-18. Size fraction SF40um,256318,metagenome,metagenome,blended biomass derived from sessile communities colonising an autonomous reef monitoring structure [ENVO:01001863],autonomous reef monitoring structure [ENVO:01001855],2023-10-23 00:00:00,2024-07-18 00:00:00,CPOWERC,BPNS_CPowerC_Ha_220622_230905,Yes,DESS,Hanneloor Heynderickx,0000-0002-5611-837X,,2,,SF,40,,,,2024-07-18 00:00:00,,-80,Hanneloor Heynderickx,0000-0002-5611-837X,NA,NA,,Y,2025-01-27 00:00:00,2025-02-03 00:00:00,-20,NA,NA,NA,NA,not sequenced due to low budget; returned to BPNS on 24/11/2025,,EMOBON_BPNS_Ha_62
ARMS_BelgiumCoast_CPowerC_20231023_20240718_SF40_3,EMOBON metagenome  sample from station BPNS. ARMS deployed on 2023-10-23 collected on 2024-07-18. Size fraction SF40um,256318,metagenome,metagenome,blended biomass derived from sessile communities colonising an autonomous reef monitoring structure [ENVO:01001863],autonomous reef monitoring structure [ENVO:01001855],2023-10-23 00:00:00,2024-07-18 00:00:00,CPOWERC,BPNS_CPowerC_Ha_220622_230905,Yes,DESS,Hanneloor Heynderickx,0000-0002-5611-837X,,3,,SF,40,,,,2024-07-18 00:00:00,,-80,Hanneloor Heynderickx,0000-0002-5611-837X,NA,NA,,Y,2025-01-27 00:00:00,2025-02-03 00:00:00,-20,NA,NA,NA,NA,shipped by accident; returned to BPNS on 24/11/2025,,EMOBON_BPNS_Ha_63
ARMS_BelgiumCoast_CPowerC_20231023_20240718_SF40_4,EMOBON metagenome  sample from station BPNS. ARMS deployed on 2023-10-23 collected on 2024-07-18. Size fraction SF40um,256318,metagenome,metagenome,blended biomass derived from sessile communities colonising an autonomous reef monitoring structure [ENVO:01001863],autonomous reef monitoring structure [ENVO:01001855],2023-10-23 00:00:00,2024-07-18 00:00:00,CPOWERC,BPNS_CPowerC_Ha_220622_230905,Yes,DESS,Hanneloor Heynderickx,0000-0002-5611-837X,,4,,SF,40,,,,2024-07-18 00:00:00,,-80,Hanneloor Heynderickx,0000-0002-5611-837X,NA,NA,,Y,NA,NA,NA,NA,NA,NA,NA,,,EMOBON_BPNS_Ha_64
ARMS_BelgiumCoast_CPowerC_20231023_20240718_MF100_1,EMOBON metagenome  sample from station BPNS. ARMS deployed on 2023-10-23 collected on 2024-07-18. Size fraction MF100um,256318,metagenome,metagenome,biomass derived from sieving motile communities present in the retrieval tub of an autonomous reef monitoring structure through a 100 micrometre mesh [ENVO:01001900],autonomous reef monitoring structure [ENVO:01001855],2023-10-23 00:00:00,2024-07-18 00:00:00,CPOWERC,BPNS_CPowerC_Ha_220622_230905,Yes,DESS,Hanneloor Heynderickx,0000-0002-5611-837X,,1,,MF,100,,,,2024-07-18 00:00:00,,-80,Hanneloor Heynderickx,0000-0002-5611-837X,NA,NA,,N,2025-01-27 00:00:00,2025-02-03 00:00:00,-20,2025-05-19 00:00:00,2025-05-21 00:00:00,batch_6,,,,EMOBON_BPNS_Ha_65
ARMS_BelgiumCoast_CPowerC_20231023_20240718_MF100_2,EMOBON metagenome  sample from station BPNS. ARMS deployed on 2023-10-23 collected on 2024-07-18. Size fraction MF100um,256318,metagenome,metagenome,biomass derived from sieving motile communities present in the retrieval tub of an autonomous reef monitoring structure through a 100 micrometre mesh [ENVO:01001900],autonomous reef monitoring structure [ENVO:01001855],2023-10-23 00:00:00,2024-07-18 00:00:00,CPOWERC,BPNS_CPowerC_Ha_220622_230905,Yes,DESS,Hanneloor Heynderickx,0000-0002-5611-837X,,2,,MF,100,,,,2024-07-18 00:00:00,,-80,Hanneloor Heynderickx,0000-0002-5611-837X,NA,NA,,Y,2025-01-27 00:00:00,2025-02-03 00:00:00,-20,NA,NA,NA,NA,not sequenced due to low budget; returned to BPNS on 24/11/2025,,EMOBON_BPNS_Ha_66
ARMS_BelgiumCoast_CPowerC_20231023_20240718_MF100_3,EMOBON metagenome  sample from station BPNS. ARMS deployed on 2023-10-23 collected on 2024-07-18. Size fraction MF100um,256318,metagenome,metagenome,biomass derived from sieving motile communities present in the retrieval tub of an autonomous reef monitoring structure through a 100 micrometre mesh [ENVO:01001900],autonomous reef monitoring structure [ENVO:01001855],2023-10-23 00:00:00,2024-07-18 00:00:00,CPOWERC,BPNS_CPowerC_Ha_220622_230905,Yes,DESS,Hanneloor Heynderickx,0000-0002-5611-837X,,3,,MF,100,,,,2024-07-18 00:00:00,,-80,Hanneloor Heynderickx,0000-0002-5611-837X,NA,NA,,Y,NA,NA,NA,NA,NA,NA,NA,,,EMOBON_BPNS_Ha_67
ARMS_BelgiumCoast_CPowerC_20231023_20240718_MF500_1,EMOBON metagenome  sample from station BPNS. ARMS deployed on 2023-10-23 collected on 2024-07-18. Size fraction MF500um,256318,metagenome,metagenome,biomass derived from sieving motile communities present in the retrieval tub of an autonomous reef monitoring structure through a 500 micrometre mesh [ENVO:01001901],autonomous reef monitoring structure [ENVO:01001855],2023-10-23 00:00:00,2024-07-18 00:00:00,CPOWERC,BPNS_CPowerC_Ha_220622_230905,Yes,DESS,Hanneloor Heynderickx,0000-0002-5611-837X,,1,,MF,500,,,,2024-07-18 00:00:00,,-80,Hanneloor Heynderickx,0000-0002-5611-837X,NA,NA,,N,2025-01-27 00:00:00,2025-02-03 00:00:00,-20,2025-05-19 00:00:00,2025-05-21 00:00:00,batch_6,,,,EMOBON_BPNS_Ha_68
ARMS_BelgiumCoast_CPowerC_20231023_20240718_MF500_2,EMOBON metagenome  sample from station BPNS. ARMS deployed on 2023-10-23 collected on 2024-07-18. Size fraction MF500um,256318,metagenome,metagenome,biomass derived from sieving motile communities present in the retrieval tub of an autonomous reef monitoring structure through a 500 micrometre mesh [ENVO:01001901],autonomous reef monitoring structure [ENVO:01001855],2023-10-23 00:00:00,2024-07-18 00:00:00,CPOWERC,BPNS_CPowerC_Ha_220622_230905,Yes,DESS,Hanneloor Heynderickx,0000-0002-5611-837X,,2,,MF,500,,,,2024-07-18 00:00:00,,-80,Hanneloor Heynderickx,0000-0002-5611-837X,NA,NA,,Y,2025-01-27 00:00:00,2025-02-03 00:00:00,-20,NA,NA,NA,NA,not sequenced due to low budget; returned to BPNS on 24/11/2025,,EMOBON_BPNS_Ha_69
ARMS_BelgiumCoast_CPowerC_20231023_20240718_MF500_3,EMOBON metagenome  sample from station BPNS. ARMS deployed on 2023-10-23 collected on 2024-07-18. Size fraction MF500um,256318,metagenome,metagenome,biomass derived from sieving motile communities present in the retrieval tub of an autonomous reef monitoring structure through a 500 micrometre mesh [ENVO:01001901],autonomous reef monitoring structure [ENVO:01001855],2023-10-23 00:00:00,2024-07-18 00:00:00,CPOWERC,BPNS_CPowerC_Ha_220622_230905,Yes,DESS,Hanneloor Heynderickx,0000-0002-5611-837X,,3,,MF,500,,,,2024-07-18 00:00:00,,-80,Hanneloor Heynderickx,0000-0002-5611-837X,NA,NA,,Y,2025-01-27 00:00:00,2025-02-03 00:00:00,-20,NA,NA,NA,NA,shipped by accident; returned to BPNS on 24/11/2025,,EMOBON_BPNS_Ha_70
ARMS_BelgiumCoast_20231023_20240718_SF40_Blank,EMOBON metagenome  sample from station BPNS. ARMS deployed on  collected on . Size fraction um,256318,metagenome,metagenome,cotton swab [OBI:0002821],autonomous reef monitoring structure [ENVO:01001855],,,Blank,,,,,,,,,,,,,,,,,,,,,,N,2025-01-27 00:00:00,2025-02-03 00:00:00,-20,2025-05-19 00:00:00,2025-05-21 00:00:00,batch_6,,,,EMOBON_BPNS_Ha_71
ARMS_BelgiumCoast_20231023_20240718_MF100_Blank,EMOBON metagenome  sample from station BPNS. ARMS deployed on  collected on . Size fraction um,256318,metagenome,metagenome,cotton swab [OBI:0002821],autonomous reef monitoring structure [ENVO:01001855],,,Blank,,,,,,,,,,,,,,,,,,,,,,N,2025-01-27 00:00:00,2025-02-03 00:00:00,-20,2025-05-19 00:00:00,2025-05-21 00:00:00,batch_6,,,,EMOBON_BPNS_Ha_72
ARMS_BelgiumCoast_20231023_20240718_MF500_Blank,EMOBON metagenome  sample from station BPNS. ARMS deployed on  collected on . Size fraction um,256318,metagenome,metagenome,cotton swab [OBI:0002821],autonomous reef monitoring structure [ENVO:01001855],,,Blank,,,,,,,,,,,,,,,,,,,,,,N,2025-01-27 00:00:00,2025-02-03 00:00:00,-20,2025-05-19 00:00:00,2025-05-21 00:00:00,batch_6,,,,EMOBON_BPNS_Ha_73
ARMS_BelgiumCoast_CPowerA_20240718_20250611_SF40_1,EMOBON metagenome  sample from station BPNS. ARMS deployed on  collected on . Size fraction um,256318,metagenome,metagenome,blended biomass derived from sessile communities colonising an autonomous reef monitoring structure [ENVO:01001863],autonomous reef monitoring structure [ENVO:01001855],,,CPOWERA,,,,,,,,,,,,,,,,,,,,,,N,2025-10-07 00:00:00,2025-10-10 00:00:00,-20,2025-12-02 00:00:00,2025-12-04 00:00:00,batch_7,,,,EMOBON_BPNS_Ha_74
ARMS_BelgiumCoast_CPowerA_20240718_20250611_MF100_1,EMOBON metagenome  sample from station BPNS. ARMS deployed on  collected on . Size fraction um,256318,metagenome,metagenome,biomass derived from sieving motile communities present in the retrieval tub of an autonomous reef monitoring structure through a 100 micrometre mesh [ENVO:01001900],autonomous reef monitoring structure [ENVO:01001855],,,CPOWERA,,,,,,,,,,,,,,,,,,,,,,N,2025-10-07 00:00:00,2025-10-10 00:00:00,-20,2025-12-02 00:00:00,2025-12-04 00:00:00,batch_7,,,,EMOBON_BPNS_Ha_75
ARMS_BelgiumCoast_CPowerA_20240718_20250611_MF500_1,EMOBON metagenome  sample from station BPNS. ARMS deployed on  collected on . Size fraction um,256318,metagenome,metagenome,biomass derived from sieving motile communities present in the retrieval tub of an autonomous reef monitoring structure through a 500 micrometre mesh [ENVO:01001901],autonomous reef monitoring structure [ENVO:01001855],,,CPOWERA,,,,,,,,,,,,,,,,,,,,,,N,2025-10-07 00:00:00,2025-10-10 00:00:00,-20,2025-12-02 00:00:00,2025-12-04 00:00:00,batch_7,,,,EMOBON_BPNS_Ha_76
ARMS_BelgiumCoast_CPowerB_20240718_20250611_SF40_1,EMOBON metagenome  sample from station BPNS. ARMS deployed on  collected on . Size fraction um,256318,metagenome,metagenome,blended biomass derived from sessile communities colonising an autonomous reef monitoring structure [ENVO:01001863],autonomous reef monitoring structure [ENVO:01001855],,,CPOWERB,,,,,,,,,,,,,,,,,,,,,,N,2025-10-07 00:00:00,2025-10-10 00:00:00,-20,2025-12-02 00:00:00,2025-12-04 00:00:00,batch_7,,,,EMOBON_BPNS_Ha_77
ARMS_BelgiumCoast_CPowerB_20240718_20250611_MF100_1,EMOBON metagenome  sample from station BPNS. ARMS deployed on  collected on . Size fraction um,256318,metagenome,metagenome,biomass derived from sieving motile communities present in the retrieval tub of an autonomous reef monitoring structure through a 100 micrometre mesh [ENVO:01001900],autonomous reef monitoring structure [ENVO:01001855],,,CPOWERB,,,,,,,,,,,,,,,,,,,,,,N,2025-10-07 00:00:00,2025-10-10 00:00:00,-20,2025-12-02 00:00:00,2025-12-04 00:00:00,batch_7,,,,EMOBON_BPNS_Ha_78
ARMS_BelgiumCoast_CPowerB_20240718_20250611_MF500_1,EMOBON metagenome  sample from station BPNS. ARMS deployed on  collected on . Size fraction um,256318,metagenome,metagenome,biomass derived from sieving motile communities present in the retrieval tub of an autonomous reef monitoring structure through a 500 micrometre mesh [ENVO:01001901],autonomous reef monitoring structure [ENVO:01001855],,,CPOWERB,,,,,,,,,,,,,,,,,,,,,,N,2025-10-07 00:00:00,2025-10-10 00:00:00,-20,2025-12-02 00:00:00,2025-12-04 00:00:00,batch_7,,,,EMOBON_BPNS_Ha_79
ARMS_BelgiumCoast_CPowerC_20240718_20250611_SF40_1,EMOBON metagenome  sample from station BPNS. ARMS deployed on  collected on . Size fraction um,256318,metagenome,metagenome,blended biomass derived from sessile communities colonising an autonomous reef monitoring structure [ENVO:01001863],autonomous reef monitoring structure [ENVO:01001855],,,CPOWERC,,,,,,,,,,,,,,,,,,,,,,N,2025-10-07 00:00:00,2025-10-10 00:00:00,-20,2025-12-02 00:00:00,2025-12-04 00:00:00,batch_7,,,,EMOBON_BPNS_Ha_80
ARMS_BelgiumCoast_CPowerC_20240718_20250611_MF100_1,EMOBON metagenome  sample from station BPNS. ARMS deployed on  collected on . Size fraction um,256318,metagenome,metagenome,biomass derived from sieving motile communities present in the retrieval tub of an autonomous reef monitoring structure through a 100 micrometre mesh [ENVO:01001900],autonomous reef monitoring structure [ENVO:01001855],,,CPOWERC,,,,,,,,,,,,,,,,,,,,,,N,2025-10-07 00:00:00,2025-10-10 00:00:00,-20,2025-12-02 00:00:00,2025-12-04 00:00:00,batch_7,,,,EMOBON_BPNS_Ha_81
ARMS_BelgiumCoast_CPowerC_20240718_20250611_MF500_1,EMOBON metagenome  sample from station BPNS. ARMS deployed on  collected on . Size fraction um,256318,metagenome,metagenome,biomass derived from sieving motile communities present in the retrieval tub of an autonomous reef monitoring structure through a 500 micrometre mesh [ENVO:01001901],autonomous reef monitoring structure [ENVO:01001855],,,CPOWERC,,,,,,,,,,,,,,,,,,,,,,N,2025-10-07 00:00:00,2025-10-10 00:00:00,-20,2025-12-02 00:00:00,2025-12-04 00:00:00,batch_7,,,,EMOBON_BPNS_Ha_82
